,sharpe,avg_pnl,volatility,max_drawdown,max_drawdown_duration,total_pnl
0,1.587008870061123,8.39560130723284,1333.1315087994378,-832.6552987986624,186.0,3727.6469804113804
